traffic_site_key,COUNTY,LOCALNAM,mean_daily_traffic,mean_truck,bus_count_1km,traffic_burden,transit_deficit,vulnerability
770343,Seminole,I-4,155972.6856287425,0.0,0.0,0.8089454554357667,1.0,0.88536727326146
750130,Orange,I-4,189717.14332247557,0.0,16.0,1.0,0.0,0.6
770197,Seminole,SR-434,40664.76519337016,0.0,0.0,0.15609447696174278,1.0,0.49365668617704567
770102,Seminole,US-17/92,38723.665753424655,0.0,0.0,0.1451043501439231,1.0,0.4870626100863539
750104,Orange,COLONIAL DR,30869.821917808218,0.0,1.0,0.10063741661928143,0.9375,0.43538244997156883
750038,Orange,W COLONIAL DR,44854.05479452055,0.0,4.0,0.17981341842643583,0.75,0.40788805105586157
770299,Seminole,SR-46,14982.237960339944,0.0,0.0,0.010685011849005652,1.0,0.4064110071094034
920065,Osceola,E BRONSON HWY,13095.028571428571,0.0,0.0,0.0,1.0,0.4
920265,Osceola,W BRONSON HWY,63922.53658536585,0.0,9.0,0.28777544695113544,0.4375,0.3476652681706813
750175,Orange,ORANGE AVE,32898.84764542936,0.0,12.0,0.11212536494603034,0.25,0.1672752189676182
750154,Orange,SEMORAN BLVD,56205.002824858755,0.0,16.0,0.24408027451259262,0.0,0.14644816470755556
